ImpactParameter,Entered,InitialVelocity,Ncaptured,CapturedVolume
[],0,0.2,0,0.0
[5.3208993e+17],1,0.4,0,0.0
[],0,0.6,0,0.0
[],0,0.8,0,0.0
[2.9215897e+17],1,1.0,0,0.0
[3.4568728e+17 5.0687610e+17 7.8294668e+16 2.3367838e+17],4,1.2,1,1.8192819474110128e+49
[2.1646391e+17],1,1.4,0,0.0
[2.7030047e+17],1,1.6,0,0.0
[1.109385e+17 3.877807e+17],2,1.8,0,0.0
[3.019283e+17],1,2.0,0,0.0
[],0,2.2,0,0.0
[2.2375548e+17],1,2.4,0,0.0
[],0,2.6,0,0.0
[1.7695848e+17],1,2.8,0,0.0
[1.4357590e+17 1.3366813e+17],2,3.0,0,0.0
[8.363625e+16 1.977874e+17],2,3.2,0,0.0
[1.3170319e+17],1,3.4,0,0.0
[1.6764046e+17],1,3.6,0,0.0
[9.037419e+16],1,3.8,0,0.0
[1.2408053e+16 1.4273219e+17],2,4.0,1,2.8474309055689636e+48
[1.6139463e+17],1,4.2,0,0.0
[6.725172e+16],1,4.4,0,0.0
[],0,4.6,0,0.0
[1.1528064e+17 1.3570346e+17],2,4.8,0,0.0
[7.281325e+16],1,5.0,0,0.0
[1.00422855e+17 2.27717577e+16],2,5.2,0,0.0
[],0,5.4,0,0.0
[1.08629636e+17],1,5.6,0,0.0
[1.0558127e+17 2.7356092e+16],2,5.8,0,0.0
[],0,6.0,0,0.0
[8.08952e+16],1,6.2,0,0.0
[3.9140707e+16],1,6.4,0,0.0
[9.887195e+16],1,6.6,0,0.0
[1.0118873e+17 5.0991540e+16 2.6873784e+16],3,6.8,0,0.0
[],0,7.0,0,0.0
[],0,7.2,0,0.0
[4.7614145e+16 6.1163341e+16],2,7.4,0,0.0
[8.109856e+16],1,7.6,0,0.0
[8.0672637e+16 5.7353146e+16],2,7.8,0,0.0
[7.597143e+16],1,8.0,0,0.0
[7.774965e+16],1,8.2,0,0.0
[6.7291752e+16],1,8.4,0,0.0
[8.1153828e+16 6.4770310e+16 7.6789918e+16 2.4610815e+16],4,8.6,0,0.0
[5.719558e+15],1,8.8,0,0.0
[6.1385704e+16 7.8374915e+16],2,9.0,0,0.0
[],0,9.2,0,0.0
[],0,9.4,0,0.0
[5.496391e+16],1,9.6,0,0.0
[5.2259874e+16 6.7725480e+16 5.3432636e+16 3.1983939e+16],4,9.8,0,0.0
[3.9318093e+16],1,10.0,0,0.0
[],0,10.2,0,0.0
[5.129471e+16 3.765907e+16],2,10.4,0,0.0
[4.8594209e+16 6.1814965e+16 4.1278596e+16 5.8229801e+16],4,10.6,1,4.1455643133541914e+48
[4.6784026e+16],1,10.8,0,0.0
[],0,11.0,0,0.0
[3.051789e+16],1,11.2,0,0.0
[5.975726e+16],1,11.4,0,0.0
[3.4885344e+16 1.4647454e+16],2,11.6,0,0.0
[],0,11.8,0,0.0
[4.9595276e+16 5.4946504e+16],2,12.0,0,0.0
[4.274786e+16],1,12.2,0,0.0
[3.7913493e+16],1,12.4,0,0.0
[],0,12.6,0,0.0
[4.5450465e+16 4.7372003e+16],2,12.8,0,0.0
[5.226737e+16],1,13.0,0,0.0
[4.6756268e+16 5.0401428e+16 3.6630105e+16],3,13.2,0,0.0
[],0,13.4,0,0.0
[4.9184875e+16],1,13.6,0,0.0
[2.9372498e+16],1,13.8,0,0.0
[4.616679e+16],1,14.0,0,0.0
[],0,14.2,0,0.0
[4.6820388e+16 4.0643898e+16 4.8216102e+16],3,14.4,1,3.080686734360653e+48
[],0,14.6,0,0.0
[],0,14.8,0,0.0
[3.540732e+16],1,15.0,0,0.0
[],0,15.2,0,0.0
[],0,15.4,0,0.0
[],0,15.6,0,0.0
[1.5663317e+16],1,15.8,0,0.0
[],0,16.0,0,0.0
[],0,16.2,0,0.0
[],0,16.4,0,0.0
[2.8127964e+16 4.1437582e+16],2,16.6,0,0.0
[],0,16.8,0,0.0
[2.5190176e+15 1.5860813e+16 3.5252007e+16],3,17.0,1,8.847035362354668e+47
[],0,17.2,0,0.0
[3.7396916e+16 3.6090249e+16],2,17.4,0,0.0
[2.2238924e+16],1,17.6,0,0.0
[1.3838932e+16],1,17.8,0,0.0
[3.1720537e+16],1,18.0,0,0.0
[],0,18.2,0,0.0
[],0,18.4,0,0.0
[],0,18.6,0,0.0
[2.7408218e+16 3.9358734e+15],2,18.8,0,0.0
[],0,19.0,0,0.0
[],0,19.2,0,0.0
[2.847366e+16],1,19.4,0,0.0
[],0,19.6,0,0.0
[],0,19.8,0,0.0
[],0,20.0,0,0.0
[],0,20.2,0,0.0
[5.6038725e+15 3.1922778e+16 3.1399748e+16],3,20.4,1,1.4407056790122172e+48
[],0,20.6,0,0.0
[1.4494953e+16],1,20.8,0,0.0
[3.3533172e+16 1.7475033e+16],2,21.0,0,0.0
[7.7924316e+15 2.6632873e+16],2,21.2,0,0.0
[3.2288407e+16],1,21.4,0,0.0
[],0,21.6,0,0.0
[1.44804e+16],1,21.8,0,0.0
[],0,22.0,0,0.0
[2.2981554e+16],1,22.2,0,0.0
[2.6162559e+16 2.1050247e+16],2,22.4,0,0.0
[2.7540033e+16],1,22.6,0,0.0
[],0,22.8,0,0.0
[1.2689246e+16],1,23.0,0,0.0
[2.2862059e+16 2.3410325e+16 2.2145826e+16],3,23.2,1,1.2560691347494066e+48
[],0,23.4,0,0.0
[2.9071216e+16 1.6695320e+16],2,23.6,0,0.0
[],0,23.8,0,0.0
[],0,24.0,0,0.0
[2.1139713e+16 2.6584737e+16],2,24.2,0,0.0
[3.5836987e+15],1,24.4,0,0.0
[5.1899633e+15],1,24.6,0,0.0
[],0,24.8,0,0.0
[2.0126900e+16 1.9978910e+16 2.2443266e+16],3,25.0,0,0.0
[],0,25.2,0,0.0
[2.6674180e+16 1.6547553e+16],2,25.4,0,0.0
[],0,25.6,0,0.0
[2.2321106e+16 1.3405254e+16],2,25.8,0,0.0
[],0,26.0,0,0.0
[],0,26.2,0,0.0
[2.4515544e+16],1,26.4,0,0.0
[1.5626185e+16 1.5832250e+16],2,26.6,0,0.0
[],0,26.8,0,0.0
[],0,27.0,0,0.0
[2.496559e+16],1,27.2,0,0.0
[1.1607882e+16 3.3221615e+15],2,27.4,1,1.3852469206429569e+47
[1.7964824e+16],1,27.6,0,0.0
[1.9390375e+16 1.3464246e+16],2,27.8,0,0.0
[],0,28.0,0,0.0
[],0,28.2,0,0.0
[],0,28.4,0,0.0
[],0,28.6,0,0.0
[1.1389096e+16],1,28.8,0,0.0
[],0,29.0,0,0.0
[2.1908841e+16 1.7872632e+16 1.7937885e+16],3,29.2,0,0.0
[],0,29.4,0,0.0
[],0,29.6,0,0.0
[2.2603517e+16 1.4784454e+16 9.7809387e+15],3,29.8,0,0.0
[],0,30.0,0,0.0
[1.391754e+16],1,30.2,0,0.0
[1.3414149e+16],1,30.4,0,0.0
[1.7308751e+16],1,30.6,0,0.0
[],0,30.8,0,0.0
[6.858526e+15],1,31.0,0,0.0
[1.9041156e+16 1.5476127e+16],2,31.2,0,0.0
[1.786286e+16],1,31.4,0,0.0
[],0,31.6,0,0.0
[6.812841e+15],1,31.8,0,0.0
[1.6464654e+16],1,32.0,0,0.0
[],0,32.2,0,0.0
[],0,32.4,0,0.0
[1.3291101e+16 9.1948217e+15 1.2381486e+16],3,32.6,0,0.0
[],0,32.8,0,0.0
[],0,33.0,0,0.0
[2.6507628e+15],1,33.2,0,0.0
[],0,33.4,0,0.0
[],0,33.6,0,0.0
[1.4755155e+16 3.3224262e+15],2,33.8,0,0.0
[1.6973002e+16],1,34.0,0,0.0
[],0,34.2,0,0.0
[1.6834783e+16],1,34.4,0,0.0
[1.252644e+16],1,34.6,0,0.0
[1.5849421e+16],1,34.8,0,0.0
[],0,35.0,0,0.0
[5.6984960e+15 5.2847457e+15],2,35.2,0,0.0
[],0,35.4,0,0.0
[1.7619383e+16],1,35.6,0,0.0
[1.3142198e+16],1,35.8,0,0.0
[1.6019157e+16],1,36.0,0,0.0
[1.8485153e+16],1,36.2,0,0.0
[1.6092232e+16 1.1798218e+16 1.7839375e+16],3,36.4,0,0.0
[],0,36.6,0,0.0
[1.6564365e+16],1,36.8,0,0.0
[1.8577424e+16],1,37.0,0,0.0
[1.3291409e+16],1,37.2,0,0.0
[9.060767e+15],1,37.4,0,0.0
[],0,37.6,0,0.0
[1.5232878e+16 1.4320690e+16 1.4861661e+16],3,37.8,0,0.0
[],0,38.0,0,0.0
[1.3304404e+16],1,38.2,0,0.0
[1.0292549e+16],1,38.4,0,0.0
[1.3361696e+16 3.9461802e+15],2,38.6,0,0.0
[1.3939370e+16 1.7790698e+16],2,38.8,0,0.0
[],0,39.0,0,0.0
[1.0722897e+16],1,39.2,0,0.0
[6.1271665e+15 1.2960159e+16],2,39.4,0,0.0
[7.6689857e+15],1,39.6,0,0.0
[1.0528569e+16 1.0745645e+16],2,39.8,1,3.123812415027172e+47
[1.7267941e+16],1,40.0,0,0.0
[],0,40.2,0,0.0
[],0,40.4,0,0.0
[1.3240944e+16],1,40.6,0,0.0
[3.5705913e+15],1,40.8,0,0.0
[],0,41.0,0,0.0
[5.9999217e+15],1,41.2,0,0.0
[7.5719941e+15 1.2659926e+16 4.7576491e+15],3,41.4,0,0.0
[1.6846404e+16 1.2046883e+16 1.3265176e+15],3,41.6,0,0.0
[],0,41.8,0,0.0
[1.2983950e+16 1.3911181e+16],2,42.0,0,0.0
[1.0013977e+16 1.6728699e+16],2,42.2,0,0.0
[1.821437e+15 7.239740e+15],2,42.4,0,0.0
[9.070116e+15],1,42.6,0,0.0
[1.2275175e+16],1,42.8,0,0.0
[1.3637261e+16],1,43.0,0,0.0
[],0,43.2,0,0.0
[1.1589788e+16],1,43.4,0,0.0
[5.660052e+15],1,43.6,0,0.0
[],0,43.8,0,0.0
[8.684463e+15 6.122067e+15],2,44.0,0,0.0
[7.1594265e+15],1,44.2,0,0.0
[1.5797868e+16],1,44.4,0,0.0
[8.748137e+15],1,44.6,0,0.0
[1.2632108e+16],1,44.8,0,0.0
[8.088884e+15],1,45.0,0,0.0
[],0,45.2,0,0.0
[7.354396e+15],1,45.4,0,0.0
[7.923185e+15 5.640955e+15],2,45.6,0,0.0
[2.9469346e+15],1,45.8,0,0.0
[5.8378242e+15 1.4986782e+16 1.3561696e+16 5.0197661e+15],4,46.0,1,7.462752252258615e+47
[7.5890317e+15 1.3314976e+16 7.4005390e+15],3,46.2,1,4.64082379943406e+47
[1.5016974e+16],1,46.4,0,0.0
[1.3116496e+16],1,46.6,0,0.0
[1.0260986e+16 8.5007142e+15],2,46.8,0,0.0
[1.0610383e+16],1,47.0,0,0.0
[],0,47.2,0,0.0
[],0,47.4,0,0.0
[8.954043e+15],1,47.6,0,0.0
[1.1875133e+16],1,47.8,0,0.0
[],0,48.0,0,0.0
[1.0324245e+16 7.5468406e+15],2,48.2,0,0.0
[1.2598505e+16],1,48.4,0,0.0
[6.4518231e+15 7.0319454e+15],2,48.6,0,0.0
[1.0847078e+16 9.2406361e+15],2,48.8,0,0.0
[1.4078035e+16],1,49.0,0,0.0
[],0,49.2,0,0.0
[7.2222087e+15],1,49.4,0,0.0
[5.2608136e+15],1,49.6,0,0.0
[],0,49.8,0,0.0
[],0,50.0,0,0.0
[6.491507e+15],1,50.2,0,0.0
[6.148144e+15],1,50.4,0,0.0
[],0,50.6,0,0.0
[9.168412e+15],1,50.8,0,0.0
[],0,51.0,0,0.0
[6.2667981e+15 1.0329605e+16],2,51.2,0,0.0
[5.1544407e+15],1,51.4,0,0.0
[],0,51.6,0,0.0
[3.9589682e+15 7.9660321e+15 7.2311718e+15 9.3114998e+15],4,51.8,2,7.836907867410749e+47
[],0,52.0,0,0.0
[7.1315994e+15 1.3074242e+16],2,52.2,0,0.0
[],0,52.4,0,0.0
[1.3238133e+15 7.0963978e+15],2,52.6,1,9.505995655188217e+46
[9.683555e+15],1,52.8,0,0.0
[1.0336627e+16],1,53.0,0,0.0
[1.2808580e+15 8.5694825e+15 8.5565890e+15],3,53.2,0,0.0
[],0,53.4,0,0.0
[],0,53.6,0,0.0
[7.4892574e+15 1.2550495e+16],2,53.8,1,3.9853919469079215e+47
[8.191639e+15],1,54.0,0,0.0
[1.0059456e+16 7.6334432e+15],2,54.2,0,0.0
[1.1827953e+16 1.1699542e+16],2,54.4,0,0.0
[4.9470115e+15],1,54.6,0,0.0
[],0,54.8,0,0.0
[9.741625e+15],1,55.0,0,0.0
[8.225567e+15 4.648304e+15],2,55.2,0,0.0
[6.464226e+15],1,55.4,0,0.0
[1.0743975e+16],1,55.6,0,0.0
[5.516445e+15],1,55.8,0,0.0
[7.8318815e+15],1,56.0,0,0.0
[],0,56.2,0,0.0
[],0,56.4,0,0.0
[1.0267543e+16 5.1676225e+15 1.1997211e+16 2.4793904e+15],4,56.6,2,1.1078835743976669e+48
[1.1932942e+16],1,56.8,0,0.0
[7.566834e+15],1,57.0,0,0.0
[9.6942340e+15 4.2986486e+15 2.4197419e+15],3,57.2,0,0.0
[8.242272e+15],1,57.4,0,0.0
[8.079433e+15 6.133738e+15],2,57.6,0,0.0
[3.988289e+15],1,57.8,0,0.0
[1.1217210e+16 1.0354766e+16],2,58.0,0,0.0
[],0,58.2,0,0.0
[1.1547438e+16 6.1198313e+15],2,58.4,0,0.0
[1.0958623e+16],1,58.6,0,0.0
[],0,58.8,0,0.0
[],0,59.0,0,0.0
[1.0358554e+16],1,59.2,0,0.0
[],0,59.4,0,0.0
[1.0784292e+16 9.7895501e+15],2,59.6,0,0.0
[9.160424e+15 5.091754e+15],2,59.8,0,0.0
[8.0405396e+15 5.2975238e+15],2,60.0,0,0.0
[],0,60.2,0,0.0
[6.6394085e+15 7.5010401e+15],2,60.4,0,0.0
[1.1621039e+16 2.6869012e+15 4.9627982e+15],3,60.6,0,0.0
[],0,60.8,0,0.0
[1.1599576e+16],1,61.0,0,0.0
[],0,61.2,0,0.0
[1.1247307e+16],1,61.4,0,0.0
[],0,61.6,0,0.0
[1.0300734e+16 1.0655180e+16 3.5399016e+15],3,61.8,0,0.0
[6.2709443e+15],1,62.0,0,0.0
[],0,62.2,0,0.0
[6.547226e+15 9.764190e+15],2,62.4,0,0.0
[],0,62.6,0,0.0
[4.200789e+15],1,62.8,0,0.0
[6.0178725e+15 9.8820626e+15 4.9602867e+15],3,63.0,0,0.0
[],0,63.2,0,0.0
[],0,63.4,0,0.0
[1.4947695e+15 6.7812836e+15],2,63.6,0,0.0
[9.4124069e+15 2.3461398e+15],2,63.8,0,0.0
[8.1059965e+15],1,64.0,0,0.0
[8.233903e+15],1,64.2,0,0.0
[],0,64.4,0,0.0
[],0,64.6,0,0.0
[],0,64.8,0,0.0
[1.0382375e+16 7.8157190e+15 7.2635945e+15],3,65.0,0,0.0
[7.4458933e+15],1,65.2,0,0.0
[],0,65.4,0,0.0
[],0,65.6,0,0.0
[],0,65.8,0,0.0
[],0,66.0,0,0.0
[8.1101008e+15 8.2983546e+15],2,66.2,0,0.0
[1.0706318e+16],1,66.4,0,0.0
[7.5061758e+15 1.0487289e+16],2,66.6,0,0.0
[1.0597304e+16],1,66.8,0,0.0
[],0,67.0,0,0.0
[],0,67.2,0,0.0
[6.775946e+15],1,67.4,0,0.0
[9.900738e+15],1,67.6,0,0.0
[],0,67.8,0,0.0
[],0,68.0,0,0.0
[7.899366e+15],1,68.2,0,0.0
[],0,68.4,0,0.0
[],0,68.6,0,0.0
[7.7569294e+15 8.3737485e+15 6.5885153e+15],3,68.8,1,4.144415223051787e+47
[4.5616134e+15],1,69.0,0,0.0
[9.0560459e+15 5.5979874e+15],2,69.2,0,0.0
[],0,69.4,0,0.0
[7.6264113e+15 8.8040806e+15],2,69.6,0,0.0
[],0,69.8,0,0.0
[6.6443804e+15],1,70.0,0,0.0
[],0,70.2,0,0.0
[],0,70.4,0,0.0
[],0,70.6,0,0.0
[2.0557517e+15],1,70.8,0,0.0
[1.10351413e+15],1,71.0,0,0.0
[9.9207839e+15 1.1472446e+15],2,71.2,0,0.0
[5.4418836e+15],1,71.4,0,0.0
[5.467094e+15],1,71.6,0,0.0
[],0,71.8,0,0.0
[3.9190688e+15],1,72.0,0,0.0
[4.1603096e+15],1,72.2,0,0.0
[5.8721233e+15],1,72.4,0,0.0
[5.986049e+15],1,72.6,0,0.0
[8.4827752e+15 7.4734530e+15 8.4424154e+15 3.6776479e+15],4,72.8,1,5.367765786098005e+47
[],0,73.0,0,0.0
[9.6834365e+15 8.6970559e+15 7.8797467e+15],3,73.2,0,0.0
[],0,73.4,0,0.0
[9.670878e+15],1,73.6,0,0.0
[8.8589359e+15 3.4249143e+15 5.1707004e+15],3,73.8,0,0.0
[],0,74.0,0,0.0
[],0,74.2,0,0.0
[],0,74.4,0,0.0
[],0,74.6,0,0.0
[7.3716134e+15 6.7589793e+15],2,74.8,0,0.0
[],0,75.0,0,0.0
[],0,75.2,0,0.0
[7.3381798e+15 3.6422933e+15],2,75.4,0,0.0
[],0,75.6,0,0.0
[5.2424237e+15 5.0039037e+15 8.6765179e+15 8.2745498e+15],4,75.8,1,5.159499911652418e+47
[],0,76.0,0,0.0
[],0,76.2,0,0.0
[8.2698430e+15 7.7314957e+15],2,76.4,0,0.0
[6.4047766e+15],1,76.6,0,0.0
[],0,76.8,0,0.0
[9.182789e+15],1,77.0,0,0.0
[7.3922341e+15 3.6739518e+15 4.7129857e+15 5.0929524e+15 7.7919447e+15],5,77.2,1,4.7390294715856026e+47
[],0,77.4,0,0.0
[],0,77.6,0,0.0
[6.5011e+15],1,77.8,0,0.0
[3.8640752e+15],1,78.0,0,0.0
[4.5027726e+15 3.4740095e+14],2,78.2,0,0.0
[],0,78.4,0,0.0
[5.2919264e+15 4.8399433e+15],2,78.6,0,0.0
[4.2806602e+15 9.1178623e+15],2,78.8,0,0.0
[8.044800e+15 5.783745e+15],2,79.0,0,0.0
[],0,79.2,0,0.0
[9.019147e+15],1,79.4,0,0.0
[],0,79.6,0,0.0
[6.493838e+15],1,79.8,0,0.0
[7.4992486e+15 3.8382324e+15],2,80.0,0,0.0
[],0,80.2,0,0.0
[],0,80.4,0,0.0
[3.5612027e+15 6.8433802e+15 6.0332678e+15 7.9519607e+15],4,80.6,0,0.0
[1.9990574e+15 6.5983851e+15 6.8723267e+15],3,80.8,1,2.6554211354660905e+47
[7.0906957e+15],1,81.0,0,0.0
[],0,81.2,0,0.0
[5.8979447e+15],1,81.4,0,0.0
[],0,81.6,0,0.0
[],0,81.8,0,0.0
[3.8290356e+15 8.7065719e+15],2,82.0,0,0.0
[1.3714571e+15 7.6107599e+15],2,82.2,0,0.0
[4.04099e+15],1,82.4,0,0.0
[],0,82.6,0,0.0
[],0,82.8,0,0.0
[],0,83.0,0,0.0
[1.7098466e+15 2.1832941e+15],2,83.2,1,2.2189573379220098e+46
[],0,83.4,0,0.0
[3.8017394e+15],1,83.6,0,0.0
[],0,83.8,0,0.0
[6.7113905e+15],1,84.0,0,0.0
[],0,84.2,0,0.0
[],0,84.4,0,0.0
[],0,84.6,0,0.0
[7.0492015e+15],1,84.8,0,0.0
[],0,85.0,0,0.0
[6.8215027e+15 2.9522531e+15 7.8803421e+15],3,85.2,0,0.0
[2.6088157e+15],1,85.4,0,0.0
[3.1619686e+15],1,85.6,0,0.0
[],0,85.8,0,0.0
[6.0147925e+15],1,86.0,0,0.0
[3.8409587e+15],1,86.2,0,0.0
[8.1149848e+15 8.0298231e+15 6.3219224e+15],3,86.4,0,0.0
[4.2487505e+15],1,86.6,0,0.0
[5.2057473e+15 4.9986671e+15],2,86.8,0,0.0
[8.11598e+14],1,87.0,0,0.0
[7.2231933e+15],1,87.2,0,0.0
[7.0419672e+15 6.4616865e+15],2,87.4,0,0.0
[],0,87.6,0,0.0
[1.6487916e+15 3.5220855e+15],2,87.8,0,0.0
[2.2131222e+15 7.7513063e+15 8.1933480e+15],3,88.0,0,0.0
[8.100459e+15 6.606703e+15 4.334547e+15],3,88.2,0,0.0
[5.373921e+15],1,88.4,0,0.0
[5.9602195e+15],1,88.6,0,0.0
[5.0339969e+15 2.3405553e+15],2,88.8,0,0.0
[],0,89.0,0,0.0
[],0,89.2,0,0.0
[7.6154167e+15 6.6293964e+15 5.9245251e+15 5.4051154e+15],4,89.4,0,0.0
[5.1783363e+15 6.6172228e+15],2,89.6,0,0.0
[8.076872e+15],1,89.8,0,0.0
[],0,90.0,0,0.0
[3.988912e+15 7.985232e+15],2,90.2,0,0.0
[],0,90.4,0,0.0
[4.1111145e+15],1,90.6,0,0.0
[6.9373396e+15],1,90.8,0,0.0
[2.257922e+15],1,91.0,0,0.0
[1.9799689e+15],1,91.2,0,0.0
[4.4126362e+15 5.3765968e+15],2,91.4,0,0.0
[4.4231103e+15],1,91.6,0,0.0
[6.9346805e+15],1,91.8,0,0.0
[],0,92.0,0,0.0
[],0,92.2,0,0.0
[5.0090169e+15 7.7047085e+15 4.6597303e+15],3,92.4,1,3.4020172252907e+47
[],0,92.6,0,0.0
[],0,92.8,0,0.0
[7.6967301e+15 6.9200449e+15 5.8372707e+15],3,93.0,0,0.0
[6.4723101e+15 7.2511605e+15 4.5444732e+15 7.5234250e+15 7.4634452e+15],5,93.2,1,7.350859162873073e+47
[2.9020576e+15],1,93.4,0,0.0
[],0,93.6,0,0.0
[],0,93.8,0,0.0
[6.781046e+15],1,94.0,0,0.0
[4.663567e+15],1,94.2,0,0.0
[],0,94.4,0,0.0
[],0,94.6,0,0.0
[],0,94.8,0,0.0
[],0,95.0,0,0.0
[4.2900632e+15 2.7317216e+15],2,95.2,0,0.0
[3.2637124e+15],1,95.4,0,0.0
[4.3323303e+15],1,95.6,0,0.0
[],0,95.8,0,0.0
[],0,96.0,0,0.0
[6.029398e+15 7.516488e+15],2,96.2,0,0.0
[2.9196224e+15],1,96.4,0,0.0
[5.074879e+15],1,96.6,0,0.0
[5.4881565e+15],1,96.8,0,0.0
[4.3079308e+15 5.7377461e+15],2,97.0,0,0.0
[],0,97.2,0,0.0
[],0,97.4,0,0.0
[],0,97.6,0,0.0
[],0,97.8,0,0.0
[],0,98.0,0,0.0
[3.539317e+15],1,98.2,0,0.0
[],0,98.4,0,0.0
[4.3656337e+15],1,98.6,0,0.0
[6.3629468e+15 1.8429099e+15 7.0887174e+15],3,98.8,0,0.0
[7.3840543e+15],1,99.0,0,0.0
[3.8296862e+15],1,99.2,0,0.0
[4.9969067e+15],1,99.4,0,0.0
[],0,99.6,0,0.0
[5.922550e+15 6.887942e+15],2,99.8,0,0.0
[4.326591e+15],1,100.0,0,0.0
[6.876919e+15],1,100.2,0,0.0
[9.7898444e+14],1,100.4,0,0.0
[],0,100.6,0,0.0
[5.2227683e+15 3.9125960e+15 3.0320032e+15],3,100.8,0,0.0
[1.8768219e+15 6.8424160e+15],2,101.0,0,0.0
[],0,101.2,0,0.0
[6.738919e+15],1,101.4,0,0.0
[3.7322222e+15],1,101.6,0,0.0
[3.5995807e+15],1,101.8,0,0.0
[],0,102.0,0,0.0
[5.4647773e+15],1,102.2,0,0.0
[1.9774279e+15 6.6625621e+15 5.2023946e+15],3,102.4,1,2.6763844028677287e+47
[1.3485224e+15],1,102.6,0,0.0
[3.4000378e+15 5.8647161e+15],2,102.8,0,0.0
[5.7834505e+15 7.0278099e+15 6.8112780e+15],3,103.0,0,0.0
[6.9385637e+15 5.6393565e+15 6.2869753e+15],3,103.2,0,0.0
[4.5521263e+15 4.5075070e+15],2,103.4,1,1.4716411654075569e+47
[6.7423395e+15],1,103.6,0,0.0
[1.08271925e+15],1,103.8,0,0.0
[5.4436896e+15 6.4705239e+15],2,104.0,0,0.0
[],0,104.2,0,0.0
[6.147738e+15 6.585980e+15 4.608060e+15],3,104.4,0,0.0
[],0,104.6,0,0.0
[],0,104.8,0,0.0
[],0,105.0,0,0.0
[3.7043964e+15],1,105.2,0,0.0
[],0,105.4,0,0.0
[],0,105.6,0,0.0
[2.010288e+15 5.921907e+15 6.094120e+15],3,105.8,1,2.797672013869124e+47
[4.4520917e+15 3.1269144e+15],2,106.0,0,0.0
[],0,106.2,0,0.0
[6.5714095e+15],1,106.4,0,0.0
[6.568924e+15],1,106.6,0,0.0
[4.9135822e+15 6.5024973e+15 4.4149593e+15 4.9803142e+15],4,106.8,0,0.0
[6.630855e+15],1,107.0,0,0.0
[1.0092265e+15],1,107.2,0,0.0
[],0,107.4,0,0.0
[],0,107.6,0,0.0
[5.7633114e+15 6.7880573e+15],2,107.8,0,0.0
[5.372852e+15],1,108.0,0,0.0
[],0,108.2,0,0.0
[5.9817534e+15],1,108.4,0,0.0
[],0,108.6,0,0.0
[],0,108.8,0,0.0
[],0,109.0,0,0.0
[6.0768526e+15 4.3885834e+15 2.4033314e+15 6.6372272e+15],4,109.2,0,0.0
[4.8405393e+15 2.0033025e+15 4.8878789e+15 6.4990570e+15],4,109.4,0,0.0
[2.9811285e+15],1,109.6,0,0.0
[5.187046e+15],1,109.8,0,0.0
[5.4716584e+15 3.2600428e+15 2.6485579e+15],3,110.0,0,0.0
[],0,110.2,0,0.0
[5.529686e+15],1,110.4,0,0.0
[5.339213e+15 5.878689e+15],2,110.6,0,0.0
[2.7542066e+15],1,110.8,0,0.0
[],0,111.0,0,0.0
[3.9649162e+15],1,111.2,0,0.0
[1.7647450e+15 3.0190555e+15],2,111.4,0,0.0
[6.1225908e+15 4.4054164e+14 3.4814098e+15],3,111.6,0,0.0
[6.0470503e+15],1,111.8,0,0.0
[6.340506e+15],1,112.0,0,0.0
[5.7166573e+15 6.5282365e+15],2,112.2,0,0.0
[],0,112.4,0,0.0
[5.739196e+15],1,112.6,0,0.0
[],0,112.8,0,0.0
[],0,113.0,0,0.0
[3.1643636e+15],1,113.2,0,0.0
[5.6704413e+15 4.3853055e+15],2,113.4,0,0.0
[3.7833462e+15],1,113.6,0,0.0
[5.4117195e+15],1,113.8,0,0.0
[6.1056756e+15],1,114.0,0,0.0
[],0,114.2,0,0.0
[4.3186575e+15 5.4518801e+15],2,114.4,0,0.0
[2.9769106e+15],1,114.6,0,0.0
[5.7087476e+15],1,114.8,0,0.0
[],0,115.0,0,0.0
[],0,115.2,0,0.0
[5.506532e+15],1,115.4,0,0.0
[6.0547706e+15],1,115.6,0,0.0
[3.1517211e+15 3.1417954e+15],2,115.8,0,0.0
[2.8247764e+15],1,116.0,0,0.0
[],0,116.2,0,0.0
[4.7240023e+15],1,116.4,0,0.0
[3.0574527e+15],1,116.6,0,0.0
[4.8346444e+15 4.3442472e+15],2,116.8,0,0.0
[],0,117.0,0,0.0
[],0,117.2,0,0.0
[5.0711903e+15 4.8111526e+15 3.7558327e+15],3,117.4,0,0.0
[2.8527914e+15],1,117.6,0,0.0
[],0,117.8,0,0.0
[6.2464517e+15],1,118.0,0,0.0
[1.4757588e+15 3.7321465e+15],2,118.2,0,0.0
[],0,118.4,0,0.0
[],0,118.6,0,0.0
[],0,118.8,0,0.0
[],0,119.0,0,0.0
[5.6756597e+15 3.2219336e+15 4.8484383e+15],3,119.2,0,0.0
[5.5121707e+15 5.0486009e+15 5.1065019e+15],3,119.4,0,0.0
[5.240794e+15],1,119.6,0,0.0
[4.1574779e+15 2.8821373e+15],2,119.8,0,0.0
[4.1576827e+15],1,120.0,0,0.0
[5.2386833e+15],1,120.2,0,0.0
[],0,120.4,0,0.0
[1.3006546e+15 2.0870481e+15],2,120.6,0,0.0
[4.9541825e+15],1,120.8,0,0.0
[4.2327386e+15 4.7210361e+15],2,121.0,0,0.0
[2.2034243e+15],1,121.2,0,0.0
[],0,121.4,0,0.0
[4.9672585e+15],1,121.6,0,0.0
[],0,121.8,0,0.0
[5.318269e+15],1,122.0,0,0.0
[5.7173504e+15],1,122.2,0,0.0
[4.2618391e+15],1,122.4,0,0.0
[3.4533126e+15],1,122.6,0,0.0
[],0,122.8,0,0.0
[3.221149e+15],1,123.0,0,0.0
[1.9224753e+15],1,123.2,0,0.0
[1.3995229e+15],1,123.4,0,0.0
[4.983312e+15],1,123.6,0,0.0
[3.7699057e+15],1,123.8,0,0.0
[4.3098853e+15],1,124.0,0,0.0
[],0,124.2,0,0.0
[],0,124.4,0,0.0
[],0,124.6,0,0.0
[],0,124.8,0,0.0
[1.3395898e+15 5.4645803e+15],2,125.0,0,0.0
[3.9847238e+15 5.6020134e+15],2,125.2,0,0.0
[],0,125.4,0,0.0
[],0,125.6,0,0.0
[5.8724889e+15 3.2217637e+15],2,125.8,0,0.0
[],0,126.0,0,0.0
[4.581245e+15 2.468563e+15],2,126.2,0,0.0
[],0,126.4,0,0.0
[],0,126.6,0,0.0
[5.806421e+15],1,126.8,0,0.0
[5.1451126e+15 2.8339832e+15],2,127.0,0,0.0
[],0,127.2,0,0.0
[],0,127.4,0,0.0
[4.3712948e+15],1,127.6,0,0.0
[],0,127.8,0,0.0
[],0,128.0,0,0.0
[],0,128.2,0,0.0
[3.7220154e+15],1,128.4,0,0.0
[1.9870190e+15 5.6035134e+15],2,128.6,0,0.0
[],0,128.8,0,0.0
[4.3788026e+15 2.8589836e+15],2,129.0,0,0.0
[4.5035387e+15 5.0009171e+15],2,129.2,0,0.0
[],0,129.4,0,0.0
[],0,129.6,0,0.0
[3.0546707e+15],1,129.8,0,0.0
[],0,130.0,0,0.0
[],0,130.2,0,0.0
[3.590435e+15],1,130.4,0,0.0
[],0,130.6,0,0.0
[2.7713787e+15 5.6325001e+15],2,130.8,0,0.0
[],0,131.0,0,0.0
[5.5487633e+15 4.7783863e+15],2,131.2,0,0.0
[],0,131.4,0,0.0
[],0,131.6,0,0.0
[4.7727475e+15 4.6728176e+15 4.5007988e+15],3,131.8,0,0.0
[],0,132.0,0,0.0
[],0,132.2,0,0.0
[5.4191546e+15],1,132.4,0,0.0
[5.2370485e+15],1,132.6,0,0.0
[],0,132.8,0,0.0
[],0,133.0,0,0.0
[2.7024490e+15 2.3593407e+15],2,133.2,0,0.0
[2.3299153e+15],1,133.4,0,0.0
[],0,133.6,0,0.0
[5.153748e+15],1,133.8,0,0.0
[],0,134.0,0,0.0
[2.860058e+15],1,134.2,0,0.0
[4.7954974e+15],1,134.4,0,0.0
[3.869129e+15],1,134.6,0,0.0
[2.5721174e+15],1,134.8,0,0.0
[2.8880455e+15],1,135.0,0,0.0
[3.9906826e+15 2.8812791e+15],2,135.2,0,0.0
[],0,135.4,0,0.0
[4.047557e+15],1,135.6,0,0.0
[4.4513637e+15],1,135.8,0,0.0
[],0,136.0,0,0.0
[],0,136.2,0,0.0
[3.4858376e+15 4.1069862e+15],2,136.4,0,0.0
[],0,136.6,0,0.0
[],0,136.8,0,0.0
[],0,137.0,0,0.0
[2.8318368e+15],1,137.2,0,0.0
[4.2187714e+15],1,137.4,0,0.0
[5.1370445e+15],1,137.6,0,0.0
[],0,137.8,0,0.0
[],0,138.0,0,0.0
[],0,138.2,0,0.0
[],0,138.4,0,0.0
[4.4805896e+15 4.9917060e+15],2,138.6,0,0.0
[],0,138.8,0,0.0
[4.7232732e+15 4.2808065e+15 4.0755519e+15],3,139.0,0,0.0
[5.3415166e+15],1,139.2,0,0.0
[3.7247954e+15],1,139.4,0,0.0
[],0,139.6,0,0.0
[],0,139.8,0,0.0
[4.4942098e+15 3.1420665e+15],2,140.0,0,0.0
[],0,140.2,0,0.0
[3.3710500e+15 4.9506504e+15],2,140.4,1,1.7466802096074622e+47
[],0,140.6,0,0.0
[],0,140.8,0,0.0
[],0,141.0,0,0.0
[],0,141.2,0,0.0
[5.370938e+15],1,141.4,0,0.0
[],0,141.6,0,0.0
[3.749053e+15],1,141.8,0,0.0
[],0,142.0,0,0.0
[5.252747e+15],1,142.2,0,0.0
[],0,142.4,0,0.0
[2.2667522e+15],1,142.6,0,0.0
[3.0476758e+15],1,142.8,0,0.0
[],0,143.0,0,0.0
[5.121869e+15],1,143.2,0,0.0
[3.166978e+15],1,143.4,0,0.0
[2.7806786e+15],1,143.6,0,0.0
[],0,143.8,0,0.0
[3.9540803e+15],1,144.0,0,0.0
[4.5605063e+15],1,144.2,0,0.0
[4.4893164e+15],1,144.4,0,0.0
[4.0748757e+15 4.9736790e+15 2.1796637e+15],3,144.6,0,0.0
[4.0950717e+15],1,144.8,0,0.0
[4.08280745e+15 1.06139836e+15 4.93005767e+15],3,145.0,0,0.0
[],0,145.2,0,0.0
[],0,145.4,0,0.0
[2.9241973e+15],1,145.6,0,0.0
[],0,145.8,0,0.0
[2.5591895e+15],1,146.0,0,0.0
[5.322752e+14 4.846972e+15],2,146.2,0,0.0
[],0,146.4,0,0.0
[3.3971962e+15],1,146.6,0,0.0
[1.6282186e+15],1,146.8,0,0.0
[3.4635285e+15 5.0838438e+15 2.7944445e+15 3.7766646e+15],4,147.0,0,0.0
[3.6571553e+15],1,147.2,0,0.0
[],0,147.4,0,0.0
"[3.1376994e+15 4.6661867e+15 8.7117318e+14 1.8695209e+15 2.3370630e+15
 2.2633031e+15]",6,147.6,1,2.3780244082031005e+47
[2.8410234e+15],1,147.8,0,0.0
[2.0228633e+15 3.5997885e+15],2,148.0,0,0.0
[2.7702418e+15 2.6721730e+15],2,148.2,0,0.0
[4.540235e+15],1,148.4,0,0.0
[8.2379392e+14 2.1351497e+15],2,148.6,0,0.0
[4.0679971e+15 3.9701534e+15],2,148.8,0,0.0
[],0,149.0,0,0.0
[3.8409874e+15 1.6468040e+15],2,149.2,0,0.0
[3.2155725e+15 2.5807175e+15 2.6675551e+15],3,149.4,0,0.0
[4.2504446e+15],1,149.6,0,0.0
[3.9843268e+15],1,149.8,0,0.0
[2.9513045e+15],1,150.0,0,0.0
[2.1113941e+15 3.8547568e+15 1.8096034e+15],3,150.2,0,0.0
[],0,150.4,0,0.0
[],0,150.6,0,0.0
[3.910917e+15],1,150.8,0,0.0
[2.7469623e+15],1,151.0,0,0.0
[],0,151.2,0,0.0
[],0,151.4,0,0.0
[],0,151.6,0,0.0
[],0,151.8,0,0.0
[5.0185973e+15 4.4791846e+15],2,152.0,0,0.0
[3.9927082e+15 1.8314489e+15],2,152.2,0,0.0
[2.5839133e+15 3.9334677e+15],2,152.4,0,0.0
[],0,152.6,0,0.0
[1.572418e+15],1,152.8,0,0.0
[4.133309e+15],1,153.0,0,0.0
[2.5994482e+15],1,153.2,0,0.0
[9.3104288e+14 4.5047222e+15 4.1009813e+15 4.8754804e+15 4.4124897e+15],5,153.4,1,4.320719709934194e+47
[],0,153.6,0,0.0
[4.6917578e+15 3.9490353e+15],2,153.8,0,0.0
[4.3770903e+15],1,154.0,0,0.0
[2.9224216e+15 2.9945629e+15],2,154.2,0,0.0
[4.686785e+15 4.868490e+15],2,154.4,0,0.0
[],0,154.6,0,0.0
[2.8581867e+15],1,154.8,0,0.0
[],0,155.0,0,0.0
[],0,155.2,0,0.0
[2.0115687e+15 4.2388192e+15 8.8885006e+14],3,155.4,0,0.0
[3.5919327e+15 3.3514454e+15],2,155.6,0,0.0
[],0,155.8,0,0.0
[],0,156.0,0,0.0
[1.9090055e+15],1,156.2,0,0.0
[4.5963135e+15 2.1641826e+15],2,156.4,0,0.0
[2.351960e+15 4.508869e+15],2,156.6,0,0.0
[2.0282721e+15],1,156.8,0,0.0
[3.578324e+15 4.525807e+15 4.775180e+15],3,157.0,0,0.0
[2.5767517e+15 4.8483491e+15],2,157.2,0,0.0
[3.1273861e+15 3.1811677e+15],2,157.4,0,0.0
[4.6205935e+15],1,157.6,0,0.0
[],0,157.8,0,0.0
[3.3173554e+15 2.3067233e+15],2,158.0,0,0.0
[4.0094414e+15 1.4818332e+15 2.1670058e+15 3.6293912e+15],4,158.2,0,0.0
[1.6338917e+15],1,158.4,0,0.0
[2.9429838e+15 4.4296569e+15 4.2705775e+15 1.9440077e+15],4,158.6,0,0.0
[3.9550292e+15],1,158.8,0,0.0
[4.0915402e+15],1,159.0,0,0.0
[],0,159.2,0,0.0
[2.0648738e+15 4.5007190e+15],2,159.4,0,0.0
[2.3500338e+15 1.9251030e+15 2.5313361e+15],3,159.6,0,0.0
[],0,159.8,0,0.0
[],0,160.0,0,0.0
[4.0619084e+15 3.5564788e+15],2,160.2,0,0.0
[4.8023935e+15],1,160.4,0,0.0
[2.8922014e+15],1,160.6,0,0.0
[],0,160.8,0,0.0
[],0,161.0,0,0.0
[3.7874157e+15],1,161.2,0,0.0
[2.966531e+15],1,161.4,0,0.0
[],0,161.6,0,0.0
[],0,161.8,0,0.0
[],0,162.0,0,0.0
[3.6518547e+15],1,162.2,0,0.0
[],0,162.4,0,0.0
[1.6444894e+15],1,162.6,0,0.0
[4.7477546e+15],1,162.8,0,0.0
[1.1646883e+15],1,163.0,0,0.0
[1.9478101e+15],1,163.2,0,0.0
[3.9392447e+15 1.4900039e+15],2,163.4,0,0.0
[4.0504645e+15],1,163.6,0,0.0
[],0,163.8,0,0.0
[4.5517387e+15],1,164.0,0,0.0
[],0,164.2,0,0.0
[],0,164.4,0,0.0
[4.67718e+15],1,164.6,0,0.0
[],0,164.8,0,0.0
[2.6848608e+15 3.1734740e+15],2,165.0,0,0.0
[4.5360986e+15],1,165.2,0,0.0
[2.7097706e+15],1,165.4,0,0.0
[3.914236e+15],1,165.6,0,0.0
[3.2153916e+15],1,165.8,0,0.0
[],0,166.0,0,0.0
[],0,166.2,0,0.0
[2.9831254e+15],1,166.4,0,0.0
[4.1655943e+15],1,166.6,0,0.0
[],0,166.8,0,0.0
[3.6030234e+15],1,167.0,0,0.0
[2.5712082e+15],1,167.2,0,0.0
[3.1275759e+15 1.7863910e+15 3.1632402e+15],3,167.4,0,0.0
[9.3955745e+14 1.1481865e+15 3.4400208e+15 4.3194945e+15],4,167.6,0,0.0
[3.1212751e+15 1.8661113e+15],2,167.8,0,0.0
[3.070151e+15],1,168.0,0,0.0
[3.2316461e+15],1,168.2,0,0.0
[4.620888e+15],1,168.4,0,0.0
[4.3036821e+15 4.6238638e+14],2,168.6,0,0.0
[3.2047417e+15],1,168.8,0,0.0
[4.1103479e+15],1,169.0,0,0.0
[2.4373295e+15],1,169.2,0,0.0
[4.386925e+15],1,169.4,0,0.0
[],0,169.6,0,0.0
[3.8333235e+15],1,169.8,0,0.0
[],0,170.0,0,0.0
[],0,170.2,0,0.0
[],0,170.4,0,0.0
[4.5617234e+15],1,170.6,0,0.0
[],0,170.8,0,0.0
[],0,171.0,0,0.0
[4.444806e+15],1,171.2,0,0.0
[],0,171.4,0,0.0
[],0,171.6,0,0.0
[],0,171.8,0,0.0
[],0,172.0,0,0.0
[],0,172.2,0,0.0
[],0,172.4,0,0.0
[],0,172.6,0,0.0
[3.1396796e+15],1,172.8,0,0.0
[2.8853330e+15 3.7541123e+15 2.2776029e+15],3,173.0,0,0.0
[4.4944433e+15],1,173.2,0,0.0
[3.500328e+15],1,173.4,0,0.0
[],0,173.6,0,0.0
[],0,173.8,0,0.0
[3.0795216e+15],1,174.0,0,0.0
[4.6650519e+14 2.9442355e+15],2,174.2,0,0.0
[3.218594e+15],1,174.4,0,0.0
[],0,174.6,0,0.0
[],0,174.8,0,0.0
[4.355646e+15],1,175.0,0,0.0
[],0,175.2,0,0.0
[4.1797365e+15],1,175.4,0,0.0
[4.048863e+15],1,175.6,0,0.0
[4.0594678e+15 4.4371487e+15],2,175.8,0,0.0
[],0,176.0,0,0.0
[2.2023406e+15 3.5520190e+15 3.9751452e+15],3,176.2,0,0.0
[],0,176.4,0,0.0
[2.3498880e+15 3.6719638e+15],2,176.6,0,0.0
[2.0220762e+15],1,176.8,0,0.0
[1.7389431e+15],1,177.0,0,0.0
[3.292789e+14],1,177.2,0,0.0
[],0,177.4,0,0.0
[],0,177.6,0,0.0
[3.7014860e+15 4.0304985e+15 3.9397442e+15],3,177.8,0,0.0
[],0,178.0,0,0.0
[3.3473542e+15],1,178.2,0,0.0
[],0,178.4,0,0.0
[3.5536326e+15 1.9623707e+15],2,178.6,0,0.0
[],0,178.8,0,0.0
[4.2631196e+15],1,179.0,0,0.0
[],0,179.2,0,0.0
[],0,179.4,0,0.0
[1.2241877e+15],1,179.6,0,0.0
[2.4938108e+15 4.2415025e+15],2,179.8,0,0.0
[2.4301593e+15 2.5823188e+15],2,180.0,0,0.0
[2.7512659e+15],1,180.2,0,0.0
[],0,180.4,0,0.0
[4.268923e+15],1,180.6,0,0.0
[],0,180.8,0,0.0
[3.6970818e+15 2.9225647e+15],2,181.0,0,0.0
[],0,181.2,0,0.0
[],0,181.4,0,0.0
[3.3494238e+15 4.3076036e+15],2,181.6,0,0.0
[2.9680527e+15 3.1451259e+15],2,181.8,0,0.0
[],0,182.0,0,0.0
[1.2457845e+15 1.7288257e+14],2,182.2,0,0.0
[],0,182.4,0,0.0
[1.7939764e+15],1,182.6,0,0.0
[3.7914970e+15 3.5659710e+15 3.1678218e+15 3.9763033e+15 1.6750950e+15],5,182.8,0,0.0
[3.1050152e+15],1,183.0,0,0.0
[4.1566817e+15 3.7932142e+15],2,183.2,0,0.0
[4.0803306e+15 1.3626494e+15 2.1301394e+15 3.0443525e+15],4,183.4,0,0.0
[4.2249432e+15],1,183.6,0,0.0
[],0,183.8,0,0.0
[3.0800225e+15],1,184.0,0,0.0
[],0,184.2,0,0.0
[4.2192975e+15],1,184.4,0,0.0
[2.3640327e+15],1,184.6,0,0.0
[2.6784004e+15 4.2669413e+15 2.8923649e+15],3,184.8,0,0.0
[1.6744894e+15 2.9276988e+15],2,185.0,0,0.0
[],0,185.2,0,0.0
[1.6722439e+15 2.2507360e+15],2,185.4,0,0.0
[4.0504151e+15 3.7206252e+15 3.5096468e+15],3,185.6,0,0.0
[3.2386757e+15],1,185.8,0,0.0
[4.2701464e+15],1,186.0,0,0.0
[2.9630287e+15 3.3797667e+15],2,186.2,0,0.0
[3.955270e+15 1.477417e+15],2,186.4,0,0.0
[4.2429295e+15 3.7322434e+15 1.7534440e+15],3,186.6,0,0.0
[4.1722177e+15],1,186.8,0,0.0
[],0,187.0,0,0.0
[],0,187.2,0,0.0
[1.17663565e+14],1,187.4,0,0.0
[],0,187.6,0,0.0
[],0,187.8,0,0.0
[],0,188.0,0,0.0
[3.7690872e+15],1,188.2,0,0.0
[1.07259896e+15],1,188.4,0,0.0
[],0,188.6,0,0.0
[3.9691720e+15 1.2985532e+15],2,188.8,0,0.0
[],0,189.0,0,0.0
[3.1338366e+15],1,189.2,0,0.0
[3.5806316e+15],1,189.4,0,0.0
[],0,189.6,0,0.0
[1.8176277e+15],1,189.8,0,0.0
[],0,190.0,0,0.0
[2.3036763e+15],1,190.2,0,0.0
[2.2426094e+15],1,190.4,0,0.0
[2.4025277e+15],1,190.6,0,0.0
[],0,190.8,0,0.0
[2.486668e+15],1,191.0,0,0.0
[1.05666195e+15],1,191.2,0,0.0
[1.8642594e+15],1,191.4,0,0.0
[],0,191.6,0,0.0
[3.594689e+15],1,191.8,0,0.0
[3.7275655e+14],1,192.0,0,0.0
[2.7264793e+15],1,192.2,0,0.0
[2.3294735e+15],1,192.4,0,0.0
[],0,192.6,0,0.0
[3.9121834e+15 3.5270894e+15 1.7806081e+15],3,192.8,0,0.0
[3.5932445e+15],1,193.0,0,0.0
[],0,193.2,0,0.0
[1.4124225e+15 2.4305923e+15],2,193.4,0,0.0
[1.11217735e+15],1,193.6,0,0.0
[1.8582792e+15],1,193.8,0,0.0
[],0,194.0,0,0.0
[],0,194.2,0,0.0
[],0,194.4,0,0.0
[3.4711394e+15],1,194.6,0,0.0
[],0,194.8,0,0.0
[2.5363417e+15 3.3605225e+15 3.6404988e+15],3,195.0,0,0.0
[2.5063910e+15 1.2386798e+15 2.6717276e+15],3,195.2,0,0.0
[],0,195.4,0,0.0
[3.7072265e+15],1,195.6,0,0.0
[4.0665475e+15 2.3811113e+15],2,195.8,0,0.0
[3.2751993e+15 1.2266092e+15],2,196.0,0,0.0
[3.9862952e+15],1,196.2,0,0.0
[3.468726e+15],1,196.4,0,0.0
[],0,196.6,0,0.0
[],0,196.8,0,0.0
[],0,197.0,0,0.0
[],0,197.2,0,0.0
[3.5764257e+15 2.4878743e+15],2,197.4,0,0.0
[],0,197.6,0,0.0
[1.4069269e+15],1,197.8,0,0.0
[3.2344873e+15 3.3050597e+15 9.4210799e+14],3,198.0,0,0.0
[2.8260855e+15],1,198.2,0,0.0
[3.9085392e+15],1,198.4,0,0.0
[],0,198.6,0,0.0
[1.5314347e+15],1,198.8,0,0.0
[1.9067336e+15 3.5998255e+15 3.1613944e+15 1.9522917e+15],4,199.0,1,2.0980199447984034e+47
[2.0208543e+15],1,199.2,0,0.0
[],0,199.4,0,0.0
[6.9281312e+14 3.4381154e+15 2.6772279e+15],3,199.6,0,0.0
[4.0228784e+15],1,199.8,0,0.0
[1.5502852e+15 1.2192411e+15],2,200.0,0,0.0
